CustomerID,Recency,Frequency,Monetary,R_Score,F_Score,M_Score,RFM_Score,RFM_Segment
CUST01179,99,8,1738.6,2,1,1,4,211
CUST00866,4,23,5383.27,4,3,4,11,434
CUST00102,313,16,3463.17,1,2,2,5,122
CUST00440,27,29,5993.57,3,4,4,11,344
CUST00059,41,11,1902.72,3,1,1,5,311
CUST01121,4,17,4044.86,4,2,3,9,423
CUST00324,37,29,8109.93,3,4,4,11,344
CUST00975,15,6,1060.96,4,1,1,6,411
CUST00412,1,40,9291.42125,4,4,4,12,444
CUST00856,287,17,3583.73,1,2,3,6,123
CUST00821,170,12,1931.46,1,1,1,3,111
CUST00045,103,10,2274.6,1,1,2,4,112
CUST00050,7,14,3298.93,4,2,2,8,422
CUST00850,15,17,3706.16,4,2,3,9,423
CUST00241,162,12,2555.71,1,1,2,4,112
CUST00171,58,9,1473.97,2,1,1,4,211
CUST00524,7,19,4305.08,4,3,3,10,433
CUST00766,28,31,6607.99,3,4,4,11,344
CUST00839,126,13,2580.14,1,2,2,5,122
CUST00424,18,23,5169.83,3,3,4,10,334
CUST00381,41,12,2835.78,3,1,2,6,312
CUST00610,35,21,3988.2,3,3,3,9,333
CUST00677,22,19,3755.99,3,3,3,9,333
CUST00345,47,8,1680.34,2,1,1,4,211
CUST00110,130,22,3633.32,1,3,3,7,133
CUST00278,12,19,3826.98,4,3,3,10,433
CUST00678,5,13,2964.56,4,2,2,8,422
CUST00571,74,11,2091.54,2,1,1,4,211
CUST00359,25,4,684.0,3,1,1,5,311
CUST00599,186,4,718.3,1,1,1,3,111
CUST00391,16,17,2876.46,4,2,2,8,422
CUST00894,55,18,4088.84,2,2,3,7,223
CUST00693,41,19,3319.33,3,3,2,8,332
CUST00728,1,26,7174.33,4,4,4,12,444
CUST00363,2,6,1205.28,4,1,1,6,411
CUST00597,31,12,2423.62,3,1,2,6,312
CUST00428,22,22,4881.09,3,3,3,9,333
CUST00071,8,21,4691.68,4,3,3,10,433
CUST00322,59,19,4558.57,2,3,3,8,233
CUST00653,32,18,2959.89,3,2,2,7,322
CUST01066,54,20,4380.81,2,3,3,8,233
CUST00108,95,24,5582.31,2,3,4,9,234
CUST01109,65,17,3023.61,2,2,2,6,222
CUST00356,85,34,7846.02,2,4,4,10,244
CUST00951,85,8,1470.52,2,1,1,4,211
CUST00343,28,8,1412.29,3,1,1,5,311
CUST00355,28,5,1173.19,3,1,1,5,311
CUST00024,4,16,4031.14,4,2,3,9,423
CUST00044,185,15,2435.04,1,2,2,5,122
CUST00244,12,18,3901.82,4,2,3,9,423
CUST00738,27,18,3877.82,3,2,3,8,323
CUST01136,28,26,8528.43,3,4,4,11,344
CUST00368,9,29,7390.55,4,4,4,12,444
CUST00164,1,26,5137.2,4,4,4,12,444
CUST01116,73,18,3951.61,2,2,3,7,223
CUST00333,101,11,2279.54,1,1,2,4,112
CUST00989,215,1,214.08,1,1,1,3,111
CUST01173,120,13,2087.92,1,2,1,4,121
CUST01002,71,24,4809.15,2,3,3,8,233
CUST00378,16,30,7942.12,4,4,4,12,444
CUST00310,29,14,2990.81,3,2,2,7,322
CUST00156,5,26,8064.73,4,4,4,12,444
CUST00211,23,8,1333.87,3,1,1,5,311
CUST00087,5,14,2648.21,4,2,2,8,422
CUST00169,96,8,1664.75,2,1,1,4,211
CUST00995,163,10,1872.1,1,1,1,3,111
CUST00052,44,15,2561.85,3,2,2,7,322
CUST00439,45,12,2439.31,3,1,2,6,312
CUST00550,8,30,7986.66,4,4,4,12,444
CUST00491,47,19,4257.45,2,3,3,8,233
CUST00426,49,31,5768.73,2,4,4,10,244
CUST00136,16,36,6051.96,4,4,4,12,444
CUST01192,13,19,3982.53,4,3,3,10,433
CUST00055,172,20,4390.33,1,3,3,7,133
CUST00079,66,21,4974.51,2,3,3,8,233
CUST00431,45,7,1174.59,3,1,1,5,311
CUST00185,70,20,4123.28,2,3,3,8,233
CUST00057,65,22,5267.36,2,3,4,9,234
CUST00943,71,19,4266.06,2,3,3,8,233
CUST00851,22,16,3211.75,3,2,2,7,322
CUST01164,45,24,5754.33,3,3,4,10,334
CUST00219,65,10,1737.65,2,1,1,4,211
CUST00845,109,17,2933.71,1,2,2,5,122
CUST00114,11,12,2496.84,4,1,2,7,412
CUST00549,31,12,2508.11,3,2,2,7,322
CUST01019,70,10,2128.75,2,1,1,4,211
CUST01073,123,19,3458.18,1,3,2,6,132
CUST00175,6,3,678.79,4,1,1,6,411
CUST01023,352,7,1147.53,1,1,1,3,111
CUST00616,96,27,4575.34,2,4,3,9,243
CUST00514,140,17,3266.83,1,2,2,5,122
CUST00462,165,26,6135.43,1,4,4,9,144
CUST00287,20,16,3234.04,3,2,2,7,322
CUST00382,36,35,7686.13,3,4,4,11,344
CUST01008,3,31,9291.42125,4,4,4,12,444
CUST00671,271,15,2669.37,1,2,2,5,122
CUST00535,35,8,1524.99,3,1,1,5,311
CUST00910,130,14,2827.73,1,2,2,5,122
CUST00293,79,19,4054.4,2,3,3,8,233
CUST00124,63,21,4352.58,2,3,3,8,233
CUST00583,73,7,1480.3,2,1,1,4,211
CUST00141,148,8,1515.78,1,1,1,3,111
CUST00736,54,24,7186.7,2,3,4,9,234
CUST00082,3,23,4232.8,4,3,3,10,433
CUST00882,156,17,3845.05,1,2,3,6,123
CUST00740,68,35,6231.36,2,4,4,10,244
CUST01102,11,20,3306.38,4,3,2,9,432
CUST00909,210,13,2189.86,1,2,1,4,121
CUST01167,151,11,1929.97,1,1,1,3,111
CUST00937,81,4,950.54,2,1,1,4,211
CUST00372,12,34,9291.42125,4,4,4,12,444
CUST00890,105,11,1761.12,1,1,1,3,111
CUST00157,8,2,373.91,4,1,1,6,411
CUST00992,19,20,3270.54,3,3,2,8,332
CUST00622,25,20,4257.33,3,3,3,9,333
CUST01038,15,23,6241.57,4,3,4,11,434
CUST00245,108,8,1670.72,1,1,1,3,111
CUST00159,40,4,670.56,3,1,1,5,311
CUST00746,5,30,7727.88,4,4,4,12,444
CUST00193,141,5,1090.75,1,1,1,3,111
CUST00534,224,27,5507.37,1,4,4,9,144
CUST00904,102,28,5761.89,1,4,4,9,144
CUST01004,78,25,4215.5,2,4,3,9,243
CUST01070,180,17,3437.53,1,2,2,5,122
CUST00414,14,24,4346.05,4,3,3,10,433
CUST01187,45,7,1436.2,3,1,1,5,311
CUST00328,26,24,8755.4,3,3,4,10,334
CUST00129,118,7,1164.54,1,1,1,3,111
CUST00695,97,16,2681.67,2,2,2,6,222
CUST00631,68,4,678.67,2,1,1,4,211
CUST00275,19,12,2453.35,3,2,2,7,322
CUST01148,64,35,9291.42125,2,4,4,10,244
CUST00309,170,14,2492.95,1,2,2,5,122
CUST00234,1,35,7789.78,4,4,4,12,444
CUST01048,20,22,3974.27,3,3,3,9,333
CUST00623,206,6,1067.38,1,1,1,3,111
CUST00644,34,20,3558.95,3,3,2,8,332
CUST00479,65,22,4039.89,2,3,3,8,233
CUST00472,21,22,3927.33,3,3,3,9,333
CUST00926,15,18,3960.73,4,2,3,9,423
CUST01098,32,18,3421.28,3,2,2,7,322
CUST00627,20,9,1710.41,3,1,1,5,311
CUST00395,21,13,2101.36,3,2,1,6,321
CUST00637,75,7,1280.58,2,1,1,4,211
CUST00768,50,26,7358.78,2,4,4,10,244
CUST00533,140,16,2634.29,1,2,2,5,122
CUST00718,62,21,3654.48,2,3,3,8,233
CUST00667,66,17,3394.8,2,2,2,6,222
CUST00598,11,36,7300.14,4,4,4,12,444
CUST00482,83,16,3705.31,2,2,3,7,223
CUST01103,61,19,3409.88,2,3,2,7,232
CUST00315,8,19,4522.02,4,3,3,10,433
CUST00729,244,12,2798.53,1,2,2,5,122
CUST00210,2,23,5314.85,4,3,4,11,434
CUST00934,3,25,5737.41,4,4,4,12,444
CUST00434,4,27,6792.24,4,4,4,12,444
CUST00329,128,9,2091.37,1,1,1,3,111
CUST00261,31,24,3905.83,3,3,3,9,333
CUST01117,42,22,4345.67,3,3,3,9,333
CUST00307,137,20,4193.4,1,3,3,7,133
CUST01067,13,15,2488.82,4,2,2,8,422
CUST00928,1,21,4381.74,4,3,3,10,433
CUST01025,78,9,1503.94,2,1,1,4,211
CUST00271,35,26,4916.21,3,4,3,10,343
CUST00291,66,16,2880.77,2,2,2,6,222
CUST00813,163,10,1869.36,1,1,1,3,111
CUST00097,12,24,5568.02,4,3,4,11,434
CUST00888,1,12,2843.65,4,2,2,8,422
CUST00819,5,14,2380.97,4,2,2,8,422
CUST00032,20,31,6250.04,3,4,4,11,344
CUST00763,52,6,979.56,2,1,1,4,211
CUST00954,5,27,5456.16,4,4,4,12,444
CUST00320,81,19,4627.4,2,3,3,8,233
CUST00299,13,14,3330.19,4,2,2,8,422
CUST00200,9,31,8430.74,4,4,4,12,444
CUST00561,126,17,4063.94,1,2,3,6,123
CUST00179,221,19,3514.31,1,3,2,6,132
CUST01132,160,35,7968.78,1,4,4,9,144
CUST00089,9,12,2715.47,4,2,2,8,422
CUST00788,18,19,5400.34,3,3,4,10,334
CUST00725,198,7,1604.96,1,1,1,3,111
CUST00827,27,9,2026.25,3,1,1,5,311
CUST00209,173,5,1108.34,1,1,1,3,111
CUST01040,10,30,6363.33,4,4,4,12,444
CUST00297,11,17,2963.41,4,2,2,8,422
CUST00998,153,25,5272.26,1,4,4,9,144
CUST00498,53,11,2579.43,2,1,2,5,212
CUST00835,120,9,1761.66,1,1,1,3,111
CUST00430,9,30,9291.42125,4,4,4,12,444
CUST00507,17,14,3355.26,3,2,2,7,322
CUST00831,25,6,1126.41,3,1,1,5,311
CUST00694,50,15,2526.92,2,2,2,6,222
CUST00011,365,7,1499.18,1,1,1,3,111
CUST00848,70,17,2966.26,2,2,2,6,222
CUST00463,74,19,4169.63,2,3,3,8,233
CUST00199,102,8,1324.72,1,1,1,3,111
CUST00060,1,10,2382.17,4,1,2,7,412
CUST00907,124,16,3788.93,1,2,3,6,123
CUST00997,153,11,2455.71,1,1,2,4,112
CUST00276,90,15,2735.31,2,2,2,6,222
CUST00809,217,5,1013.28,1,1,1,3,111
CUST00908,86,21,3730.75,2,3,3,8,233
CUST00658,175,9,1727.68,1,1,1,3,111
CUST00957,297,2,406.82,1,1,1,3,111
CUST00886,8,16,3374.48,4,2,2,8,422
CUST00221,80,14,2709.14,2,2,2,6,222
CUST00789,51,11,2243.0,2,1,1,4,211
CUST00712,178,16,3400.5,1,2,2,5,122
CUST00714,10,16,2819.1,4,2,2,8,422
CUST01113,15,18,3389.99,4,2,2,8,422
CUST01191,15,6,1196.28,4,1,1,6,411
CUST00790,181,22,4210.47,1,3,3,7,133
CUST00416,31,22,4542.44,3,3,3,9,333
CUST00899,164,10,2377.38,1,1,2,4,112
CUST00935,133,5,1064.17,1,1,1,3,111
CUST00266,72,26,4563.56,2,4,3,9,243
CUST00632,20,23,3744.69,3,3,3,9,333
CUST00248,293,22,4755.39,1,3,3,7,133
CUST00683,2,16,3378.49,4,2,2,8,422
CUST00559,1,6,963.82,4,1,1,6,411
CUST01137,148,4,775.68,1,1,1,3,111
CUST00968,4,27,7146.79,4,4,4,12,444
CUST01005,65,12,2835.32,2,2,2,6,222
CUST00985,66,16,3738.67,2,2,3,7,223
CUST00295,91,12,2052.01,2,2,1,5,221
CUST00520,5,21,4323.16,4,3,3,10,433
CUST00771,29,8,1715.68,3,1,1,5,311
CUST00084,28,14,2658.88,3,2,2,7,322
CUST00232,20,26,5309.93,3,4,4,11,344
CUST00621,188,15,3020.13,1,2,2,5,122
CUST00334,14,24,3997.67,4,3,3,10,433
CUST00130,36,25,5538.55,3,4,4,11,344
CUST01012,1,28,7740.92,4,4,4,12,444
CUST00645,64,6,1376.88,2,1,1,4,211
CUST00974,22,31,7366.02,3,4,4,11,344
CUST00383,182,8,1615.32,1,1,1,3,111
CUST00868,1,15,3455.14,4,2,2,8,422
CUST00543,107,17,3100.51,1,2,2,5,122
CUST01194,55,27,8566.53,2,4,4,10,244
CUST00875,28,11,2588.86,3,1,2,6,312
CUST00332,58,31,7154.34,2,4,4,10,244
CUST00410,29,23,3901.56,3,3,3,9,333
CUST00077,141,18,3863.92,1,2,3,6,123
CUST00869,9,23,4876.84,4,3,3,10,433
CUST00139,72,5,837.93,2,1,1,4,211
CUST00544,14,18,3982.06,4,2,3,9,423
CUST00674,37,12,2791.92,3,2,2,7,322
CUST00921,24,26,4628.97,3,4,3,10,343
CUST00064,30,14,2294.94,3,2,2,7,322
CUST00142,4,16,3362.35,4,2,2,8,422
CUST00717,54,22,5037.04,2,3,3,8,233
CUST00377,8,12,2146.39,4,2,1,7,421
CUST00364,10,32,6022.59,4,4,4,12,444
CUST00140,77,14,3552.3,2,2,2,6,222
CUST00885,12,25,4942.56,4,4,3,11,443
CUST01042,14,32,9282.41,4,4,4,12,444
CUST00225,74,7,1408.19,2,1,1,4,211
CUST00515,66,20,3374.83,2,3,2,7,232
CUST00267,242,17,3319.23,1,2,2,5,122
CUST01170,3,20,3820.56,4,3,3,10,433
CUST00487,47,17,3400.9,2,2,2,6,222
CUST00353,130,7,1572.14,1,1,1,3,111
CUST01006,10,29,6742.42,4,4,4,12,444
CUST00618,27,20,4309.33,3,3,3,9,333
CUST00668,106,18,3535.3,1,2,2,5,122
CUST00775,13,6,1099.86,4,1,1,6,411
CUST00554,14,22,3541.0,4,3,2,9,432
CUST00576,3,28,5906.68,4,4,4,12,444
CUST00915,63,17,3733.98,2,2,3,7,223
CUST00466,35,20,3559.58,3,3,2,8,332
CUST00591,151,13,3007.41,1,2,2,5,122
CUST00765,217,15,3566.03,1,2,2,5,122
CUST00635,150,13,2712.54,1,2,2,5,122
CUST00838,5,21,3987.33,4,3,3,10,433
CUST00290,1,14,3295.24,4,2,2,8,422
CUST00040,5,25,4325.05,4,4,3,11,443
CUST00031,114,5,917.02,1,1,1,3,111
CUST00243,116,13,2562.48,1,2,2,5,122
CUST00429,184,10,1709.59,1,1,1,3,111
CUST00137,365,5,1173.62,1,1,1,3,111
CUST01101,91,16,3797.01,2,2,3,7,223
CUST00865,41,28,4769.42,3,4,3,10,343
CUST00004,25,34,6776.14,3,4,4,11,344
CUST00833,200,3,513.6,1,1,1,3,111
CUST00603,39,2,366.71,3,1,1,5,311
CUST01034,49,30,4801.08,2,4,3,9,243
CUST00655,214,11,1913.54,1,1,1,3,111
CUST00844,35,29,5344.81,3,4,4,11,344
CUST00784,3,32,7569.51,4,4,4,12,444
CUST01074,163,21,4672.83,1,3,3,7,133
CUST00443,22,5,956.81,3,1,1,5,311
CUST01178,25,25,4620.24,3,4,3,10,343
CUST00436,1,38,6631.34,4,4,4,12,444
CUST01169,301,13,3004.14,1,2,2,5,122
CUST00101,101,21,3549.93,1,3,2,6,132
CUST00773,195,7,1234.76,1,1,1,3,111
CUST00495,7,16,3609.3,4,2,3,9,423
CUST01028,73,18,3230.07,2,2,2,6,222
CUST00807,118,8,1677.04,1,1,1,3,111
CUST01142,3,27,7943.76,4,4,4,12,444
CUST00846,65,25,4791.58,2,4,3,9,243
CUST00987,108,13,2138.39,1,2,1,4,121
CUST00228,55,12,2150.13,2,2,1,5,221
CUST01193,161,4,877.61,1,1,1,3,111
CUST00672,27,17,3685.46,3,2,3,8,323
CUST00859,66,21,4578.13,2,3,3,8,233
CUST00925,83,10,2247.39,2,1,1,4,211
CUST00067,47,20,4440.11,2,3,3,8,233
CUST00068,60,13,2892.94,2,2,2,6,222
CUST00817,50,10,2272.37,2,1,2,5,212
CUST00212,5,29,6257.48,4,4,4,12,444
CUST00013,109,5,864.07,1,1,1,3,111
CUST00494,81,19,4342.39,2,3,3,8,233
CUST01165,47,9,1442.18,2,1,1,4,211
CUST00300,53,15,3452.69,2,2,2,6,222
CUST00411,98,4,849.42,2,1,1,4,211
CUST00757,59,6,1158.18,2,1,1,4,211
CUST01075,91,15,2699.2,2,2,2,6,222
CUST00696,267,19,4041.88,1,3,3,7,133
CUST01151,69,11,2189.91,2,1,1,4,211
CUST00724,21,29,7995.25,3,4,4,11,344
CUST01016,30,31,5523.68,3,4,4,11,344
CUST00528,14,25,5116.74,4,4,4,12,444
CUST00600,25,23,5303.84,3,3,4,10,334
CUST01120,16,23,4915.2,4,3,3,10,433
CUST00567,91,7,1260.39,2,1,1,4,211
CUST00731,138,4,801.22,1,1,1,3,111
CUST00274,30,19,4213.33,3,3,3,9,333
CUST00967,38,11,2596.13,3,1,2,6,312
CUST00238,30,19,4232.05,3,3,3,9,333
CUST00406,10,30,5389.83,4,4,4,12,444
CUST00003,18,6,1237.59,3,1,1,5,311
CUST00007,8,8,1359.75,4,1,1,6,411
CUST00312,131,14,2261.69,1,2,2,5,122
CUST01091,6,21,5010.03,4,3,3,10,433
CUST00452,5,25,5266.19,4,4,4,12,444
CUST00722,5,23,4869.47,4,3,3,10,433
CUST00216,56,32,7676.81,2,4,4,10,244
CUST01086,142,20,3275.79,1,3,2,6,132
CUST00028,22,23,5067.77,3,3,3,9,333
CUST01158,101,31,7376.19,1,4,4,9,144
CUST00362,10,27,5341.21,4,4,4,12,444
CUST00823,13,3,623.61,4,1,1,6,411
CUST00781,43,7,1248.43,3,1,1,5,311
CUST00629,88,10,2322.35,2,1,2,5,212
CUST00454,111,16,2626.25,1,2,2,5,122
CUST00739,102,9,2103.09,1,1,1,3,111
CUST00536,114,22,5457.81,1,3,4,8,134
CUST01050,82,21,3375.6,2,3,2,7,232
CUST00399,365,6,1283.78,1,1,1,3,111
CUST00257,57,19,4159.97,2,3,3,8,233
CUST00292,29,14,3137.15,3,2,2,7,322
CUST00026,40,30,6590.52,3,4,4,11,344
CUST00337,365,9,1517.76,1,1,1,3,111
CUST00585,224,13,2904.46,1,2,2,5,122
CUST00048,36,13,2335.35,3,2,2,7,322
CUST00319,65,15,3263.21,2,2,2,6,222
CUST00107,53,18,4108.16,2,2,3,7,223
CUST00799,246,5,934.21,1,1,1,3,111
CUST00056,152,14,3339.16,1,2,2,5,122
CUST00523,74,20,4788.1,2,3,3,8,233
CUST00214,73,27,5559.09,2,4,4,10,244
CUST00121,21,19,4547.69,3,3,3,9,333
CUST00918,25,30,6523.41,3,4,4,11,344
CUST01068,16,16,2640.99,3,2,2,7,322
CUST01118,18,19,3110.41,3,3,2,8,332
CUST00073,29,26,6051.42,3,4,4,11,344
CUST00948,9,32,7323.2,4,4,4,12,444
CUST00747,4,14,3122.22,4,2,2,8,422
CUST00716,3,17,3846.63,4,2,3,9,423
CUST00558,19,27,7376.73,3,4,4,11,344
CUST01082,22,29,5186.38,3,4,4,11,344
CUST01046,77,23,5182.25,2,3,4,9,234
CUST00553,27,8,1791.05,3,1,1,5,311
CUST00562,127,27,6191.34,1,4,4,9,144
CUST00425,50,9,2054.97,2,1,1,4,211
CUST01014,20,24,4262.3,3,3,3,9,333
CUST00326,82,21,4440.39,2,3,3,8,233
CUST00924,46,38,9291.42125,2,4,4,10,244
CUST00317,15,15,3305.67,4,2,2,8,422
CUST00804,23,37,7208.84,3,4,4,11,344
CUST01163,33,6,1238.6,3,1,1,5,311
CUST00529,183,1,172.18,1,1,1,3,111
CUST00837,187,11,1905.51,1,1,1,3,111
CUST00715,40,22,4149.51,3,3,3,9,333
CUST00901,151,17,3378.34,1,2,2,5,122
CUST00061,86,20,3724.5,2,3,3,8,233
CUST00723,48,23,4316.4,2,3,3,8,233
CUST00093,160,15,3333.53,1,2,2,5,122
CUST00858,94,20,3624.7,2,3,3,8,233
CUST00619,81,18,4052.92,2,2,3,7,223
CUST00352,30,36,7436.75,3,4,4,11,344
CUST00933,15,8,1685.75,4,1,1,6,411
CUST00281,3,19,4481.45,4,3,3,10,433
CUST00421,101,8,1320.66,1,1,1,3,111
CUST01115,43,18,3384.49,3,2,2,7,322
CUST00360,55,18,4199.51,2,2,3,7,223
CUST00423,84,5,1129.89,2,1,1,4,211
CUST00679,22,15,3604.57,3,2,3,8,323
CUST00527,4,24,5497.36,4,3,4,11,434
CUST00478,130,23,4803.22,1,3,3,7,133
CUST01095,40,18,3321.44,3,2,2,7,322
CUST00183,86,6,1056.11,2,1,1,4,211
CUST01092,21,11,2560.94,3,1,2,6,312
CUST00433,49,10,2109.85,2,1,1,4,211
CUST00111,6,22,4852.07,4,3,3,10,433
CUST00371,274,10,2111.23,1,1,1,3,111
CUST00240,2,31,6608.6,4,4,4,12,444
CUST00709,115,6,1403.96,1,1,1,3,111
CUST00630,21,26,7066.75,3,4,4,11,344
CUST00594,27,31,8024.54,3,4,4,11,344
CUST00486,150,16,3108.67,1,2,2,5,122
CUST00701,8,15,3000.73,4,2,2,8,422
CUST00262,188,22,4520.76,1,3,3,7,133
CUST00480,40,17,3704.78,3,2,3,8,323
CUST00650,48,9,1663.84,2,1,1,4,211
CUST00340,35,30,6458.05,3,4,4,11,344
CUST00669,31,20,4321.46,3,3,3,9,333
CUST00552,17,31,7781.92,3,4,4,11,344
CUST00459,107,23,5013.03,1,3,3,7,133
CUST00184,21,21,4789.79,3,3,3,9,333
CUST00138,16,19,4031.48,3,3,3,9,333
CUST01161,33,10,2020.79,3,1,1,5,311
CUST00707,27,24,5349.41,3,3,4,10,334
CUST00582,17,29,9291.42125,3,4,4,11,344
CUST00081,9,16,3771.65,4,2,3,9,423
CUST00769,27,15,3010.25,3,2,2,7,322
CUST00870,127,16,3298.38,1,2,2,5,122
CUST00762,5,34,7634.14,4,4,4,12,444
CUST00030,32,26,6435.02,3,4,4,11,344
CUST00542,15,28,9291.42125,4,4,4,12,444
CUST00166,5,25,5041.06,4,4,3,11,443
CUST00249,35,12,2540.16,3,2,2,7,322
CUST00308,85,16,3271.92,2,2,2,6,222
CUST00448,66,15,3577.65,2,2,3,7,223
CUST00347,102,11,1923.82,1,1,1,3,111
CUST00335,68,9,1555.77,2,1,1,4,211
CUST00286,251,16,3254.64,1,2,2,5,122
CUST00950,6,34,6455.29,4,4,4,12,444
CUST00098,79,20,3827.12,2,3,3,8,233
CUST00468,34,16,3775.06,3,2,3,8,323
CUST01037,73,6,1287.59,2,1,1,4,211
CUST00913,38,18,4032.23,3,2,3,8,323
CUST00756,50,24,5851.44,2,4,4,10,244
CUST00945,352,6,1096.59,1,1,1,3,111
CUST00614,22,19,4222.07,3,3,3,9,333
CUST00802,9,21,4016.6,4,3,3,10,433
CUST00758,2,27,4553.19,4,4,3,11,443
CUST00689,17,18,2964.59,3,2,2,7,322
CUST00066,32,23,5515.03,3,3,4,10,334
CUST00794,19,27,8192.77,3,4,4,11,344
CUST00744,22,27,7428.13,3,4,4,11,344
CUST00568,9,33,6882.95,4,4,4,12,444
CUST01084,83,16,2961.44,2,2,2,6,222
CUST01099,15,18,4196.26,4,2,3,9,423
CUST00303,13,29,5004.84,4,4,3,11,443
CUST00255,15,26,5326.98,4,4,4,12,444
CUST00959,7,1,184.99,4,1,1,6,411
CUST01024,41,22,3598.52,3,3,3,9,333
CUST00313,29,12,1999.12,3,2,1,6,321
CUST00530,157,24,5130.72,1,4,4,9,144
CUST00222,44,23,4620.33,3,3,3,9,333
CUST00389,30,8,1374.55,3,1,1,5,311
CUST00236,32,23,5338.64,3,3,4,10,334
CUST00810,33,20,4356.44,3,3,3,9,333
CUST00483,56,17,2857.24,2,2,2,6,222
CUST00713,26,15,2699.68,3,2,2,7,322
CUST00306,73,10,1761.05,2,1,1,4,211
CUST01111,63,16,3862.89,2,2,3,7,223
CUST01090,187,27,6026.85,1,4,4,9,144
CUST00772,103,22,4398.86,1,3,3,7,133
CUST00917,10,11,1914.01,4,1,1,6,411
CUST01139,292,6,1433.94,1,1,1,3,111
CUST00250,175,18,3372.84,1,2,2,5,122
CUST00760,47,29,5114.85,2,4,4,10,244
CUST00595,284,11,2145.81,1,1,1,3,111
CUST00072,1,10,2077.73,4,1,1,6,411
CUST00095,69,17,3004.69,2,2,2,6,222
CUST00546,13,30,7542.43,4,4,4,12,444
CUST00034,3,28,6365.85,4,4,4,12,444
CUST00862,78,18,3329.02,2,3,2,7,232
CUST00579,185,10,2127.61,1,1,1,3,111
CUST00449,28,21,3975.56,3,3,3,9,333
CUST00446,53,25,5013.6,2,4,3,9,243
CUST00260,3,14,2301.74,4,2,2,8,422
CUST00205,162,9,1629.05,1,1,1,3,111
CUST00573,257,5,870.49,1,1,1,3,111
CUST00824,27,24,5006.57,3,4,3,10,343
CUST00586,19,27,7510.96,3,4,4,11,344
CUST00366,23,26,5218.64,3,4,4,11,344
CUST00812,24,25,8866.42,3,4,4,11,344
CUST00078,13,16,3568.31,4,2,2,8,422
CUST00085,59,28,5901.93,2,4,4,10,244
CUST00539,9,8,1420.98,4,1,1,6,411
CUST00083,2,8,1441.91,4,1,1,6,411
CUST00458,60,16,3322.02,2,2,2,6,222
CUST01138,75,19,3926.31,2,3,3,8,233
CUST00615,271,8,1348.89,1,1,1,3,111
CUST01186,19,36,9291.42125,3,4,4,11,344
CUST01076,28,19,4287.68,3,3,3,9,333
CUST00737,56,7,1566.15,2,1,1,4,211
CUST00437,152,10,1876.73,1,1,1,3,111
CUST00555,209,5,995.12,1,1,1,3,111
CUST01080,307,18,3311.3,1,3,2,6,132
CUST01062,72,22,5003.03,2,3,3,8,233
CUST00351,84,10,1949.01,2,1,1,4,211
CUST00197,266,16,3390.35,1,2,2,5,122
CUST00465,4,17,3672.97,4,2,3,9,423
CUST00589,73,7,1194.62,2,1,1,4,211
CUST00006,2,20,4179.51,4,3,3,10,433
CUST00311,96,13,2180.89,2,2,1,5,221
CUST00662,60,20,4054.05,2,3,3,8,233
CUST00405,123,22,4499.8,1,3,3,7,133
CUST01196,33,32,9291.42125,3,4,4,11,344
CUST01044,114,33,7132.39,1,4,4,9,144
CUST01058,79,9,1482.8,2,1,1,4,211
CUST00105,13,17,3691.66,4,2,3,9,423
CUST00537,63,10,1939.81,2,1,1,4,211
CUST00606,7,29,5220.19,4,4,4,12,444
CUST00063,111,18,3869.77,1,3,3,7,133
CUST00282,71,27,5843.92,2,4,4,10,244
CUST01056,92,12,2585.78,2,2,2,6,222
CUST00239,93,10,2134.36,2,1,1,4,211
CUST00224,152,28,6052.46,1,4,4,9,144
CUST00146,26,33,8641.67,3,4,4,11,344
CUST01119,16,16,3819.31,3,2,3,8,323
CUST00374,10,33,8436.07,4,4,4,12,444
CUST00119,8,18,4213.24,4,3,3,10,433
CUST00803,339,4,952.48,1,1,1,3,111
CUST00251,133,14,2639.08,1,2,2,5,122
CUST01157,65,5,1003.57,2,1,1,4,211
CUST00010,48,23,3994.98,2,3,3,8,233
CUST00450,41,15,3531.62,3,2,2,7,322
CUST00874,77,17,4079.27,2,2,3,7,223
CUST00390,55,31,9291.42125,2,4,4,10,244
CUST00966,44,15,2992.03,3,2,2,7,322
CUST00461,137,15,3279.0,1,2,2,5,122
CUST01147,124,12,2038.09,1,2,1,4,121
CUST00145,143,8,1577.85,1,1,1,3,111
CUST00502,14,22,3984.59,4,3,3,10,433
CUST01108,32,12,2678.83,3,2,2,7,322
CUST00540,10,17,2970.59,4,2,2,8,422
CUST00178,8,25,5157.12,4,4,4,12,444
CUST01159,261,6,1160.35,1,1,1,3,111
CUST01051,11,14,2707.45,4,2,2,8,422
CUST00584,14,29,9291.42125,4,4,4,12,444
CUST01195,58,7,1500.96,2,1,1,4,211
CUST00008,41,29,6154.2,3,4,4,11,344
CUST00574,67,27,6139.88,2,4,4,10,244
CUST00843,49,14,2281.05,2,2,2,6,222
CUST00358,25,22,5226.11,3,3,4,10,334
CUST00330,27,23,6483.62,3,3,4,10,334
CUST00705,20,21,4071.53,3,3,3,9,333
CUST00830,22,33,8505.35,3,4,4,11,344
CUST00259,42,18,4285.23,3,3,3,9,333
CUST00891,112,20,3237.25,1,3,2,6,132
CUST00834,10,32,6031.23,4,4,4,12,444
CUST01188,184,28,6636.12,1,4,4,9,144
CUST00905,112,31,7252.26,1,4,4,9,144
CUST00526,16,26,6078.12,3,4,4,11,344
CUST00814,41,24,5073.44,3,4,4,11,344
CUST00732,13,20,3267.92,4,3,2,9,432
CUST01032,32,37,7391.91,3,4,4,11,344
CUST01141,365,6,1235.03,1,1,1,3,111
CUST00441,365,12,2107.44,1,2,1,4,121
CUST00532,15,36,8015.08,4,4,4,12,444
CUST00960,105,33,5475.13,1,4,4,9,144
CUST00229,26,10,1610.34,3,1,1,5,311
CUST01041,32,23,5095.67,3,3,4,10,334
CUST00213,219,4,949.98,1,1,1,3,111
CUST00080,88,15,2754.49,2,2,2,6,222
CUST00149,88,13,2748.13,2,2,2,6,222
CUST00592,20,22,4257.62,3,3,3,9,333
CUST00708,2,17,2945.99,4,2,2,8,422
CUST00590,32,32,9291.42125,3,4,4,11,344
CUST00134,43,21,4640.13,3,3,3,9,333
CUST00782,67,25,7168.2,2,4,4,10,244
CUST00409,11,6,1263.51,4,1,1,6,411
CUST00970,20,27,6219.78,3,4,4,11,344
CUST00508,159,22,5145.9,1,3,4,8,134
CUST00877,150,19,3985.88,1,3,3,7,133
CUST00505,48,19,4165.88,2,3,3,8,233
CUST00719,290,12,2259.31,1,2,2,5,122
CUST00348,30,18,3921.21,3,3,3,9,333
CUST00387,180,18,3885.93,1,3,3,7,133
CUST00001,45,18,4126.79,3,3,3,9,333
CUST00361,88,5,1051.01,2,1,1,4,211
CUST01134,53,18,3861.45,2,3,3,8,233
CUST00476,12,16,3291.16,4,2,2,8,422
CUST00778,62,34,9291.42125,2,4,4,10,244
CUST00754,63,26,4839.82,2,4,3,9,243
CUST00173,4,11,2299.31,4,1,2,7,412
CUST00451,104,26,5605.44,1,4,4,9,144
CUST00126,82,31,8665.14,2,4,4,10,244
CUST00931,18,8,1346.17,3,1,1,5,311
CUST00531,208,3,524.57,1,1,1,3,111
CUST00091,46,17,3186.31,2,2,2,6,222
CUST01162,10,25,4447.92,4,4,3,11,443
CUST00182,40,34,7714.26,3,4,4,11,344
CUST01027,182,11,2066.43,1,1,1,3,111
CUST01000,47,33,5666.67,2,4,4,10,244
CUST00252,168,21,3774.49,1,3,3,7,133
CUST00070,23,15,2479.11,3,2,2,7,322
CUST00132,27,28,7359.71,3,4,4,11,344
CUST00301,157,15,2430.3,1,2,2,5,122
CUST01133,301,13,2441.56,1,2,2,5,122
CUST00327,15,12,2410.57,4,2,2,8,422
CUST01020,12,29,8488.78,4,4,4,12,444
CUST00500,26,23,4344.2,3,3,3,9,333
CUST00666,58,23,5353.52,2,3,4,9,234
CUST00919,21,15,3256.51,3,2,2,7,322
CUST00496,157,25,4851.26,1,4,3,8,143
CUST00339,116,5,884.87,1,1,1,3,111
CUST00964,46,19,4084.21,2,3,3,8,233
CUST00165,117,8,1619.29,1,1,1,3,111
CUST00029,2,15,3190.91,4,2,2,8,422
CUST00517,8,10,2160.44,4,1,1,6,411
CUST00194,14,25,7195.16,4,4,4,12,444
CUST01104,4,12,2208.82,4,2,1,7,421
CUST00170,76,23,6569.34,2,3,4,9,234
CUST01059,59,18,3885.79,2,3,3,8,233
CUST00174,3,39,8288.84,4,4,4,12,444
CUST00519,3,12,2309.79,4,2,2,8,422
CUST00969,58,13,2478.47,2,2,2,6,222
CUST00702,74,19,3131.11,2,3,2,7,232
CUST00492,68,15,2595.66,2,2,2,6,222
CUST00074,37,20,3735.61,3,3,3,9,333
CUST00981,365,17,3842.53,1,2,3,6,123
CUST00588,103,21,4817.95,1,3,3,7,133
CUST00235,17,8,1708.51,3,1,1,5,311
CUST00215,51,3,532.16,2,1,1,4,211
CUST00947,7,13,3065.16,4,2,2,8,422
CUST00133,23,13,2165.75,3,2,1,6,321
CUST01156,22,41,9291.42125,3,4,4,11,344
CUST00733,27,9,2086.32,3,1,1,5,311
CUST00941,154,3,665.05,1,1,1,3,111
CUST00186,1,37,8682.25,4,4,4,12,444
CUST00042,20,29,5676.91,3,4,4,11,344
CUST00109,243,15,3446.98,1,2,2,5,122
CUST00849,1,13,2411.63,4,2,2,8,422
CUST00569,49,7,1646.33,2,1,1,4,211
CUST00651,16,12,2286.3,3,2,2,7,322
CUST01001,99,18,3687.44,2,3,3,8,233
CUST01166,4,24,4610.17,4,4,3,11,443
CUST00484,93,8,1832.63,2,1,1,4,211
CUST00469,160,17,3619.25,1,2,3,6,123
CUST00025,57,7,1671.63,2,1,1,4,211
CUST00661,197,26,6057.06,1,4,4,9,144
CUST00680,93,24,4982.15,2,4,3,9,243
CUST00753,28,11,1982.37,3,1,1,5,311
CUST00994,1,16,3009.73,4,2,2,8,422
CUST00367,147,12,1999.53,1,2,1,4,121
CUST00840,9,19,4135.51,4,3,3,10,433
CUST01053,52,13,2667.62,2,2,2,6,222
CUST00384,3,30,6614.97,4,4,4,12,444
CUST00455,41,16,3120.36,3,2,2,7,322
CUST00265,136,11,2447.65,1,1,2,4,112
CUST00761,40,12,2432.72,3,2,2,7,322
CUST00980,5,25,4015.73,4,4,3,11,443
CUST00445,14,6,1413.02,4,1,1,6,411
CUST00396,1,30,6428.16,4,4,4,12,444
CUST00742,6,31,9291.42125,4,4,4,12,444
CUST00177,144,3,611.58,1,1,1,3,111
CUST00019,265,12,1954.74,1,2,1,4,121
CUST00949,145,11,2076.35,1,1,1,3,111
CUST00815,5,4,675.43,4,1,1,6,411
CUST00596,37,26,7404.52,3,4,4,11,344
CUST00062,148,14,2613.65,1,2,2,5,122
CUST00273,95,18,3534.5,2,3,2,7,232
CUST01126,50,27,6243.12,2,4,4,10,244
CUST00279,100,16,2787.26,1,2,2,5,122
CUST00842,50,33,5815.11,2,4,4,10,244
CUST00369,9,7,1266.9,4,1,1,6,411
CUST00887,10,14,2719.7,4,2,2,8,422
CUST01015,38,6,1289.62,3,1,1,5,311
CUST00860,39,13,2256.69,3,2,2,7,322
CUST00721,57,25,4245.29,2,4,3,9,243
CUST00826,24,28,7065.03,3,4,4,11,344
CUST00548,26,19,4240.42,3,3,3,9,333
CUST00880,44,20,3223.9,3,3,2,8,332
CUST00900,121,13,2999.0,1,2,2,5,122
CUST00457,75,15,2485.2,2,2,2,6,222
CUST00394,6,45,9291.42125,4,4,4,12,444
CUST00676,19,14,2430.84,3,2,2,7,322
CUST00912,24,23,4252.75,3,3,3,9,333
CUST00965,47,14,2578.27,2,2,2,6,222
CUST00376,21,35,8000.82,3,4,4,11,344
CUST00413,139,12,2609.38,1,2,2,5,122
CUST00075,43,13,2397.33,3,2,2,7,322
CUST01122,204,11,2145.61,1,1,1,3,111
CUST00863,173,11,2636.86,1,1,2,4,112
CUST00501,1,18,3973.7,4,3,3,10,433
CUST00942,30,21,6004.25,3,3,4,10,334
CUST00617,110,6,1275.59,1,1,1,3,111
CUST00115,53,11,1799.6,2,1,1,4,211
CUST00418,103,18,3052.74,1,3,2,6,132
CUST00602,2,25,5473.34,4,4,4,12,444
CUST00605,27,15,3037.21,3,2,2,7,322
CUST00090,139,19,3407.36,1,3,2,6,132
CUST01149,36,8,1364.55,3,1,1,5,311
CUST00499,1,8,1533.37,4,1,1,6,411
CUST00876,49,19,4402.82,2,3,3,8,233
CUST00927,51,15,3395.37,2,2,2,6,222
CUST00999,65,14,3073.82,2,2,2,6,222
CUST00012,6,38,6653.57,4,4,4,12,444
CUST00397,97,12,2534.0,2,2,2,6,222
CUST00755,23,14,2582.09,3,2,2,7,322
CUST00556,65,37,8539.96,2,4,4,10,244
CUST00043,13,9,1693.64,4,1,1,6,411
CUST00168,33,18,3929.1,3,3,3,9,333
CUST00417,161,21,4506.4,1,3,3,7,133
CUST00577,230,6,1046.61,1,1,1,3,111
CUST00268,27,14,3011.31,3,2,2,7,322
CUST00808,1,40,9291.42125,4,4,4,12,444
CUST00427,219,12,2426.93,1,2,2,5,122
CUST00691,69,23,4964.67,2,3,3,8,233
CUST00545,107,5,850.84,1,1,1,3,111
CUST01123,12,20,4728.7,4,3,3,10,433
CUST00675,47,22,3535.28,2,3,2,7,232
CUST00690,15,28,5049.15,4,4,3,11,443
CUST01055,6,17,3484.52,4,2,2,8,422
CUST01177,151,7,1640.55,1,1,1,3,111
CUST01033,365,3,593.15,1,1,1,3,111
CUST01035,118,3,701.03,1,1,1,3,111
CUST00258,52,21,4246.58,2,3,3,8,233
CUST00336,5,27,5201.8,4,4,4,12,444
CUST00016,11,28,5853.32,4,4,4,12,444
CUST00902,72,21,4910.07,2,3,3,8,233
CUST00325,304,13,2342.25,1,2,2,5,122
CUST00608,14,22,7555.11,4,3,4,11,434
CUST01054,118,21,4542.77,1,3,3,7,133
CUST00791,121,10,2395.47,1,1,2,4,112
CUST00223,365,2,468.48,1,1,1,3,111
CUST00180,12,23,6188.18,4,3,4,11,434
CUST00100,138,19,4536.93,1,3,3,7,133
CUST00522,31,15,3549.44,3,2,2,7,322
CUST00023,106,5,1193.53,1,1,1,3,111
CUST00357,134,2,377.69,1,1,1,3,111
CUST00734,123,20,4803.27,1,3,3,7,133
CUST01094,150,14,3014.57,1,2,2,5,122
CUST01112,23,12,2499.55,3,2,2,7,322
CUST00612,22,31,7986.2,3,4,4,11,344
CUST01010,129,18,3605.36,1,3,3,7,133
CUST00341,226,5,1054.61,1,1,1,3,111
CUST00432,20,25,5826.5,3,4,4,11,344
CUST00962,1,26,4348.15,4,4,3,11,443
CUST00218,61,32,6070.21,2,4,4,10,244
CUST00204,3,39,9107.3,4,4,4,12,444
CUST00906,173,10,1917.11,1,1,1,3,111
CUST00923,82,18,4715.59,2,3,3,8,233
CUST00094,17,15,3390.48,3,2,2,7,322
CUST00911,5,15,3488.7,4,2,2,8,422
CUST00069,6,29,5545.53,4,4,4,12,444
CUST00895,6,20,3476.82,4,3,2,9,432
CUST00285,365,22,4017.39,1,3,3,7,133
CUST00697,56,21,4389.2,2,3,3,8,233
CUST00086,12,14,2767.35,4,2,2,8,422
CUST00435,6,7,1391.45,4,1,1,6,411
CUST00797,22,10,1707.46,3,1,1,5,311
CUST00154,132,19,3301.02,1,3,2,6,132
CUST00076,3,20,3777.05,4,3,3,10,433
CUST01043,98,19,3782.83,2,3,3,8,233
CUST00581,17,8,1525.6,3,1,1,5,311
CUST00447,40,14,2831.4,3,2,2,7,322
CUST00704,14,23,3786.77,4,3,3,10,433
CUST00189,365,10,1618.19,1,1,1,3,111
CUST00272,34,17,3516.69,3,2,2,7,322
CUST00237,137,12,2748.8,1,2,2,5,122
CUST00488,83,23,4048.38,2,3,3,8,233
CUST01160,24,26,5839.16,3,4,4,11,344
CUST00560,4,17,4021.02,4,2,3,9,423
CUST00118,47,23,4256.86,2,3,3,8,233
CUST00638,30,28,5835.71,3,4,4,11,344
CUST01128,1,29,5797.73,4,4,4,12,444
CUST00751,125,15,3160.8,1,2,2,5,122
CUST00513,48,17,3446.75,2,2,2,6,222
CUST00634,13,29,5319.13,4,4,4,12,444
CUST00786,6,22,5781.95,4,3,4,11,434
CUST01007,16,4,904.45,3,1,1,5,311
CUST00853,198,17,2939.9,1,2,2,5,122
CUST00127,20,12,2458.12,3,2,2,7,322
CUST00117,3,24,3929.09,4,4,3,11,443
CUST00474,238,18,3966.19,1,3,3,7,133
CUST00741,87,3,528.5,2,1,1,4,211
CUST00993,73,4,748.85,2,1,1,4,211
CUST00058,56,24,5345.66,2,4,4,10,244
CUST00604,53,33,6474.97,2,4,4,10,244
CUST00787,15,7,1255.0,4,1,1,6,411
CUST00971,49,9,1516.73,2,1,1,4,211
CUST00657,16,10,1604.26,3,1,1,5,311
CUST00903,13,22,3643.78,4,3,3,10,433
CUST00922,101,9,1535.25,1,1,1,3,111
CUST00106,64,15,2963.69,2,2,2,6,222
CUST00636,69,29,5294.85,2,4,4,10,244
CUST00370,23,25,5408.28,3,4,4,11,344
CUST00269,16,18,4503.12,3,3,3,9,333
CUST00656,365,13,2107.74,1,2,1,4,121
CUST00047,227,13,2513.06,1,2,2,5,122
CUST00350,4,29,9291.42125,4,4,4,12,444
CUST00774,62,36,9291.42125,2,4,4,10,244
CUST00196,138,34,8113.87,1,4,4,9,144
CUST00103,38,18,5231.3,3,3,4,10,334
CUST00005,258,18,3452.07,1,3,2,6,132
CUST00620,6,27,4711.04,4,4,3,11,443
CUST00991,306,17,3940.67,1,2,3,6,123
CUST00053,73,26,4387.13,2,4,3,9,243
CUST00264,17,23,4791.92,3,3,3,9,333
CUST01093,101,16,2964.24,1,2,2,5,122
CUST00444,71,22,3841.65,2,3,3,8,233
CUST00972,4,15,4275.57,4,2,3,9,423
CUST00783,53,12,2470.12,2,2,2,6,222
CUST00847,75,20,4766.95,2,3,3,8,233
CUST00692,50,10,1888.31,2,1,1,4,211
CUST00305,9,19,3398.13,4,3,2,9,432
CUST00342,16,31,9291.42125,3,4,4,11,344
CUST00867,11,14,2421.36,4,2,2,8,422
CUST00314,165,17,3216.22,1,2,2,5,122
CUST00150,3,30,8757.29,4,4,4,12,444
CUST00125,5,16,2690.96,4,2,2,8,422
CUST01063,154,20,4331.81,1,3,3,7,133
CUST00575,12,2,414.36,4,1,1,6,411
CUST00698,275,21,4231.12,1,3,3,7,133
CUST00665,49,24,3929.12,2,4,3,9,243
CUST00051,4,15,2856.97,4,2,2,8,422
CUST00727,53,10,2219.01,2,1,1,4,211
CUST00800,12,23,7058.38,4,3,4,11,434
CUST00354,21,20,4561.19,3,3,3,9,333
CUST01153,76,14,3358.94,2,2,2,6,222
CUST00143,131,10,2055.99,1,1,1,3,111
CUST00471,6,16,3799.93,4,2,3,9,423
CUST00654,38,19,4509.74,3,3,3,9,333
CUST00400,23,21,5847.18,3,3,4,10,334
CUST01154,1,28,6650.36,4,4,4,12,444
CUST00938,1,13,2225.09,4,2,1,7,421
CUST00321,115,18,3788.85,1,3,3,7,133
CUST00020,46,25,5613.46,2,4,4,10,244
CUST00685,9,15,3063.7,4,2,2,8,422
CUST00036,33,35,9291.42125,3,4,4,11,344
CUST00825,155,12,2840.6,1,2,2,5,122
CUST00506,73,20,4745.26,2,3,3,8,233
CUST00828,59,22,4117.52,2,3,3,8,233
CUST01071,223,15,3315.14,1,2,2,5,122
CUST00408,2,39,6476.14,4,4,4,12,444
CUST00818,20,21,3536.88,3,3,2,8,332
CUST00538,2,30,6211.95,4,4,4,12,444
CUST00759,53,6,1387.82,2,1,1,4,211
CUST01069,365,24,4533.35,1,4,3,8,143
CUST00893,1,10,1930.12,4,1,1,6,411
CUST00039,20,19,3798.52,3,3,3,9,333
CUST00176,10,38,7359.03,4,4,4,12,444
CUST00246,61,25,4979.96,2,4,3,9,243
CUST00811,20,3,502.57,3,1,1,5,311
CUST01085,40,18,4011.2,3,3,3,9,333
CUST01078,90,21,3963.92,2,3,3,8,233
CUST00785,101,8,1302.69,1,1,1,3,111
CUST01185,197,15,3405.59,1,2,2,5,122
CUST00490,59,18,4103.6,2,3,3,8,233
CUST00155,3,16,3764.78,4,2,3,9,423
CUST00639,56,8,1538.34,2,1,1,4,211
CUST00663,169,25,4897.49,1,4,3,8,143
CUST00854,39,25,5870.5,3,4,4,11,344
CUST00288,26,19,3416.03,3,3,2,8,332
CUST00626,66,24,5290.23,2,4,4,10,244
CUST01200,4,23,7708.41,4,3,4,11,434
CUST00686,1,20,4535.7,4,3,3,10,433
CUST00873,2,13,2194.95,4,2,1,7,421
CUST00570,12,25,4618.26,4,4,3,11,443
CUST01144,7,23,7037.17,4,3,4,11,434
CUST00735,119,5,1130.06,1,1,1,3,111
CUST00793,44,5,994.59,3,1,1,5,311
CUST00018,158,21,4659.31,1,3,3,7,133
CUST00128,3,35,9155.69,4,4,4,12,444
CUST00323,19,22,4643.6,3,3,3,9,333
CUST00256,126,10,1921.32,1,1,1,3,111
CUST00944,6,31,7332.9,4,4,4,12,444
CUST01180,60,24,5579.62,2,4,4,10,244
CUST00191,62,10,2005.6,2,1,1,4,211
CUST00116,41,22,5026.62,3,3,3,9,333
CUST01174,2,30,6938.12,4,4,4,12,444
CUST00889,120,28,6060.19,1,4,4,9,144
CUST00607,58,7,1485.1,2,1,1,4,211
CUST00181,97,15,2405.07,2,2,2,6,222
CUST00302,2,19,3456.06,4,3,2,9,432
CUST00497,349,13,2130.02,1,2,1,4,121
CUST00349,109,14,2322.03,1,2,2,5,122
CUST01036,120,26,5062.52,1,4,3,8,143
CUST00983,35,19,3249.41,3,3,2,8,332
CUST00745,14,6,1300.1,4,1,1,6,411
CUST01152,93,34,6997.05,2,4,4,10,244
CUST00518,28,21,4038.71,3,3,3,9,333
CUST00373,61,1,199.5,2,1,1,4,211
CUST00046,71,28,5881.87,2,4,4,10,244
CUST00477,39,15,3370.43,3,2,2,7,322
CUST00158,24,33,7330.39,3,4,4,11,344
CUST01047,3,16,2823.11,4,2,2,8,422
CUST00172,20,23,5654.44,3,3,4,10,334
CUST00017,78,11,2195.93,2,1,1,4,211
CUST00512,78,22,5153.1,2,3,4,9,234
CUST00049,105,17,3733.39,1,2,3,6,123
CUST00192,13,28,6153.7,4,4,4,12,444
CUST00547,69,22,5146.49,2,3,4,9,234
CUST00516,3,19,3937.76,4,3,3,10,433
CUST00978,365,32,6047.2,1,4,4,9,144
CUST00939,63,2,357.21,2,1,1,4,211
CUST00829,66,14,2615.05,2,2,2,6,222
CUST00984,21,28,6548.72,3,4,4,11,344
CUST00481,365,23,3948.7,1,3,3,7,133
CUST01129,42,2,340.13,3,1,1,5,311
CUST00284,77,20,4337.4,2,3,3,8,233
CUST01030,2,28,7762.65,4,4,4,12,444
CUST00798,4,34,9291.42125,4,4,4,12,444
CUST00940,3,23,5736.14,4,3,4,11,434
CUST00226,58,34,8087.72,2,4,4,10,244
CUST00027,44,8,1703.83,3,1,1,5,311
CUST00283,21,7,1287.33,3,1,1,5,311
CUST01150,16,38,6610.2,3,4,4,11,344
CUST00438,36,21,4581.57,3,3,3,9,333
CUST01168,2,38,9291.42125,4,4,4,12,444
CUST00365,23,9,1853.1,3,1,1,5,311
CUST00230,4,34,8740.04,4,4,4,12,444
CUST00038,1,24,4785.09,4,4,3,11,443
CUST00670,52,13,2905.92,2,2,2,6,222
CUST00750,2,37,8716.43,4,4,4,12,444
CUST01181,1,12,2856.67,4,2,2,8,422
CUST00375,1,5,941.94,4,1,1,6,411
CUST00470,112,18,4016.2,1,3,3,7,133
CUST00883,145,19,4041.23,1,3,3,7,133
CUST01182,2,29,4682.17,4,4,3,11,443
CUST00688,92,21,3995.83,2,3,3,8,233
CUST00033,162,5,903.4,1,1,1,3,111
CUST01011,63,7,1298.03,2,1,1,4,211
CUST01176,15,26,6703.41,4,4,4,12,444
CUST00195,5,10,1848.47,4,1,1,6,411
CUST01106,27,31,6133.36,3,4,4,11,344
CUST01114,124,16,2800.5,1,2,2,5,122
CUST01064,32,28,6136.68,3,4,4,11,344
CUST00504,37,18,2989.51,3,3,2,8,332
CUST00916,4,19,3886.68,4,3,3,10,433
CUST00977,163,3,643.52,1,1,1,3,111
CUST01183,248,15,3542.68,1,2,2,5,122
CUST01088,34,22,3586.03,3,3,3,9,333
CUST00801,72,15,2940.57,2,2,2,6,222
CUST00580,1,30,9041.45,4,4,4,12,444
CUST00161,203,9,1643.37,1,1,1,3,111
CUST00681,46,18,3185.47,2,3,2,7,232
CUST01198,1,22,4706.49,4,3,3,10,433
CUST00163,6,8,1714.04,4,1,1,6,411
CUST00822,82,17,4184.28,2,2,3,7,223
CUST00706,111,14,2240.64,1,2,1,4,121
CUST01009,74,4,686.94,2,1,1,4,211
CUST00878,72,10,2018.23,2,1,1,4,211
CUST00896,139,28,4510.97,1,4,3,8,143
CUST00914,166,19,3297.18,1,3,2,6,132
CUST01199,26,9,1950.8,3,1,1,5,311
CUST00153,23,7,1439.96,3,1,1,5,311
CUST00979,89,4,654.81,2,1,1,4,211
CUST01003,365,5,1015.68,1,1,1,3,111
CUST00510,81,15,2734.66,2,2,2,6,222
CUST00112,55,22,5141.89,2,3,4,9,234
CUST00227,50,15,3381.31,2,2,2,6,222
CUST00986,13,37,6956.96,4,4,4,12,444
CUST00852,116,19,3106.77,1,3,2,6,132
CUST00104,175,19,3269.21,1,3,2,6,132
CUST00422,7,24,4271.1,4,4,3,11,443
CUST00420,3,37,9291.42125,4,4,4,12,444
CUST00625,8,6,1266.45,4,1,1,6,411
CUST00587,55,15,3473.08,2,2,2,6,222
CUST01061,214,22,4783.15,1,3,3,7,133
CUST00920,12,27,5433.34,4,4,4,12,444
CUST00673,31,13,2819.2,3,2,2,7,322
CUST00120,105,19,4483.61,1,3,3,7,133
CUST00054,83,20,3210.18,2,3,2,7,232
CUST00152,34,30,7379.87,3,4,4,11,344
CUST00404,48,20,4924.81,2,3,3,8,233
CUST01189,113,7,1583.94,1,1,1,3,111
CUST00208,21,28,7758.86,3,4,4,11,344
CUST01135,22,4,853.03,3,1,1,5,311
CUST00659,3,15,3461.1,4,2,2,8,422
CUST01097,365,21,4050.06,1,3,3,7,133
CUST00233,49,5,884.47,2,1,1,4,211
CUST00009,365,5,921.25,1,1,1,3,111
CUST00160,28,32,7015.32,3,4,4,11,344
CUST00037,258,6,1077.74,1,1,1,3,111
CUST00453,104,13,2323.8,1,2,2,5,122
CUST00652,58,15,3155.52,2,2,2,6,222
CUST00254,14,17,3889.87,4,2,3,9,423
CUST00304,71,22,5237.19,2,3,4,9,234
CUST00897,3,17,3247.79,4,2,2,8,422
CUST01049,17,11,2075.48,3,1,1,5,311
CUST00881,216,24,4798.98,1,4,3,8,143
CUST00572,31,28,6794.58,3,4,4,11,344
CUST00624,71,21,5056.79,2,3,3,8,233
CUST01145,216,6,1250.4,1,1,1,3,111
CUST01031,8,2,339.01,4,1,1,6,411
CUST01146,4,24,7373.68,4,4,4,12,444
CUST00263,74,17,2996.46,2,2,2,6,222
CUST00611,76,9,1975.95,2,1,1,4,211
CUST00298,160,18,3724.98,1,3,3,7,133
CUST00990,14,29,7313.96,4,4,4,12,444
CUST00415,106,7,1430.85,1,1,1,3,111
CUST00151,51,5,1024.09,2,1,1,4,211
CUST00946,14,26,6867.35,4,4,4,12,444
CUST00473,92,20,3714.7,2,3,3,8,233
CUST00953,39,11,2517.39,3,1,2,6,312
CUST00988,152,28,6729.56,1,4,4,9,144
CUST00779,27,11,2381.38,3,1,2,6,312
CUST00641,174,18,3754.86,1,3,3,7,133
CUST01190,6,25,4528.03,4,4,3,11,443
CUST01143,14,15,3058.93,4,2,2,8,422
CUST00551,189,5,961.69,1,1,1,3,111
CUST00640,15,13,2652.92,4,2,2,8,422
CUST00936,38,33,6561.97,3,4,4,11,344
CUST00929,53,4,799.02,2,1,1,4,211
CUST00489,342,17,3342.45,1,2,2,5,122
CUST00820,2,25,5180.71,4,4,4,12,444
CUST00711,21,28,6318.56,3,4,4,11,344
CUST01081,109,15,2404.03,1,2,2,5,122
CUST00148,1,21,4918.58,4,3,3,10,433
CUST00147,142,19,4450.65,1,3,3,7,133
CUST01175,198,7,1641.52,1,1,1,3,111
CUST00963,365,8,1361.09,1,1,1,3,111
CUST00346,5,23,5743.09,4,3,4,11,434
CUST00403,8,10,2100.29,4,1,1,6,411
CUST00932,20,21,4217.65,3,3,3,9,333
CUST00955,148,8,1559.07,1,1,1,3,111
CUST01125,46,11,1922.92,2,1,1,4,211
CUST00660,68,21,4737.2,2,3,3,8,233
CUST00464,11,17,3787.21,4,2,3,9,423
CUST00187,24,8,1813.44,3,1,1,5,311
CUST00609,174,5,834.02,1,1,1,3,111
CUST00144,4,33,5756.21,4,4,4,12,444
CUST00752,12,24,6651.37,4,4,4,12,444
CUST00982,26,25,5571.27,3,4,4,11,344
CUST00198,54,27,6172.48,2,4,4,10,244
CUST00884,11,20,3731.42,4,3,3,10,433
CUST00280,14,20,4100.92,4,3,3,10,433
CUST00294,106,23,4660.04,1,3,3,7,133
CUST01089,71,23,5392.39,2,3,4,9,234
CUST00401,19,6,1027.28,3,1,1,5,311
CUST00123,13,28,4877.44,4,4,3,11,443
CUST00203,71,5,1005.11,2,1,1,4,211
CUST00836,14,24,5873.21,4,4,4,12,444
CUST00247,25,31,6391.71,3,4,4,11,344
CUST01140,5,22,3951.2,4,3,3,10,433
CUST00385,19,10,1820.03,3,1,1,5,311
CUST00855,40,14,2355.54,3,2,2,7,322
CUST00220,3,29,9125.97,4,4,4,12,444
CUST00642,3,29,6533.41,4,4,4,12,444
CUST00002,12,34,8043.65,4,4,4,12,444
CUST00113,34,19,3984.45,3,3,3,9,333
CUST00699,15,18,3600.47,4,3,3,10,433
CUST00952,11,29,5396.62,4,4,4,12,444
CUST01079,19,20,3841.72,3,3,3,9,333
CUST00442,8,25,8478.68,4,4,4,12,444
CUST00664,83,11,2099.56,2,1,1,4,211
CUST01197,64,5,1063.73,2,1,1,4,211
CUST00318,80,22,4085.83,2,3,3,8,233
CUST00649,23,24,5314.09,3,4,4,11,344
CUST00710,98,13,2125.74,2,2,1,5,221
CUST00973,365,2,455.17,1,1,1,3,111
CUST00628,22,18,3191.53,3,3,2,8,332
CUST00633,203,7,1145.17,1,1,1,3,111
CUST01172,25,23,5590.6,3,3,4,10,334
CUST01107,35,25,4582.94,3,4,3,10,343
CUST00796,13,26,5798.94,4,4,4,12,444
CUST00646,158,17,3658.79,1,2,3,6,123
CUST01013,54,12,2101.86,2,2,1,5,221
CUST00557,52,4,667.59,2,1,1,4,211
CUST00682,13,12,2097.2,4,2,1,7,421
CUST00578,43,22,4690.08,3,3,3,9,333
CUST00525,34,11,1764.83,3,1,1,5,311
CUST01060,105,19,4260.41,1,3,3,7,133
CUST00541,149,5,846.11,1,1,1,3,111
CUST00749,359,13,2973.35,1,2,2,5,122
CUST01110,126,24,5177.31,1,4,4,9,144
CUST00485,18,26,5195.44,3,4,4,11,344
CUST00096,28,26,5337.66,3,4,4,11,344
CUST01021,107,9,1878.92,1,1,1,3,111
CUST00564,17,27,6026.26,3,4,4,11,344
CUST00743,71,10,2001.12,2,1,1,4,211
CUST00864,33,18,3188.98,3,3,2,8,332
CUST00892,60,9,1937.02,2,1,1,4,211
CUST01039,78,15,3370.88,2,2,2,6,222
CUST00207,83,1,225.33,2,1,1,4,211
CUST00393,225,7,1177.73,1,1,1,3,111
CUST00795,35,10,1981.28,3,1,1,5,311
CUST00871,87,15,3301.61,2,2,2,6,222
CUST00398,38,22,4506.93,3,3,3,9,333
CUST00767,102,13,2114.91,1,2,1,4,121
CUST01100,83,28,6380.03,2,4,4,10,244
CUST01029,3,17,3018.26,4,2,2,8,422
CUST00643,128,11,2403.58,1,1,2,4,112
CUST00613,239,7,1424.98,1,1,1,3,111
CUST00961,91,22,3915.1,2,3,3,8,233
CUST00726,92,32,7035.69,2,4,4,10,244
CUST00684,33,23,4066.53,3,3,3,9,333
CUST00099,3,19,3693.42,4,3,3,10,433
CUST00805,9,10,1608.06,4,1,1,6,411
CUST00407,39,7,1574.03,3,1,1,5,311
CUST00503,144,22,4989.16,1,3,3,7,133
CUST01072,180,17,3175.2,1,2,2,5,122
CUST01057,113,26,4160.03,1,4,3,8,143
CUST00930,10,26,5864.39,4,4,4,12,444
CUST00780,48,22,6956.89,2,3,4,9,234
CUST00201,49,20,3915.16,2,3,3,8,233
CUST00135,114,7,1339.69,1,1,1,3,111
CUST01052,272,19,3044.21,1,3,2,6,132
CUST00041,26,12,2843.88,3,2,2,7,322
CUST01018,4,20,3629.0,4,3,3,10,433
CUST00231,110,6,1365.53,1,1,1,3,111
CUST00379,30,9,1503.8,3,1,1,5,311
CUST00289,69,16,3005.29,2,2,2,6,222
CUST00419,199,13,2156.53,1,2,1,4,121
CUST00392,26,16,4019.23,3,2,3,8,323
CUST00593,147,8,1292.92,1,1,1,3,111
CUST01087,59,25,4777.9,2,4,3,9,243
CUST00648,41,21,4100.49,3,3,3,9,333
CUST00521,34,19,3082.23,3,3,2,8,332
CUST00065,50,12,2712.74,2,2,2,6,222
CUST00015,365,10,2398.03,1,1,2,4,112
CUST01065,42,29,6703.27,3,4,4,11,344
CUST00493,34,14,2994.23,3,2,2,7,322
CUST00380,22,33,8375.08,3,4,4,11,344
CUST00188,75,30,7042.5,2,4,4,10,244
CUST00764,2,43,8368.5,4,4,4,12,444
CUST00217,2,18,3131.54,4,3,2,9,432
CUST00792,8,19,4277.78,4,3,3,10,433
CUST01077,172,19,3309.24,1,3,2,6,132
CUST00879,10,21,4260.95,4,3,3,10,433
CUST00338,31,31,8167.27,3,4,4,11,344
CUST00720,186,19,3400.99,1,3,2,6,132
CUST00296,3,25,4409.14,4,4,3,11,443
CUST01017,52,12,2623.07,2,2,2,6,222
CUST00456,103,21,3377.09,1,3,2,6,132
CUST00816,109,32,6936.29,1,4,4,9,144
CUST00270,187,13,2596.2,1,2,2,5,122
CUST00996,30,22,4378.33,3,3,3,9,333
CUST00202,12,22,6521.22,4,3,4,11,434
CUST00162,31,20,3697.91,3,3,3,9,333
CUST00730,8,30,6444.78,4,4,4,12,444
CUST00402,14,17,2897.17,4,2,2,8,422
CUST00703,86,22,5149.51,2,3,4,9,234
CUST01130,57,27,4979.27,2,4,3,9,243
CUST00566,17,32,6122.45,3,4,4,11,344
CUST01022,3,31,6207.96,4,4,4,12,444
CUST01026,8,24,4953.25,4,4,3,11,443
CUST01105,69,23,5183.9,2,3,4,9,234
CUST00206,39,25,5404.31,3,4,4,11,344
CUST00035,272,5,858.45,1,1,1,3,111
CUST00776,10,22,4242.57,4,3,3,10,433
CUST00509,93,13,2985.59,2,2,2,6,222
CUST01184,82,22,4842.89,2,3,3,8,233
CUST00092,83,6,1298.36,2,1,1,4,211
CUST00898,29,9,1969.97,3,1,1,5,311
CUST00565,167,8,1795.01,1,1,1,3,111
CUST00777,21,12,2181.86,3,2,1,6,321
CUST00242,16,31,6686.37,3,4,4,11,344
CUST00014,59,29,6939.78,2,4,4,10,244
CUST00316,67,20,4075.6,2,3,3,8,233
CUST00601,67,14,2282.21,2,2,2,6,222
CUST00388,161,15,3359.77,1,2,2,5,122
CUST00167,87,8,1318.05,2,1,1,4,211
CUST00841,27,13,2819.69,3,2,2,7,322
CUST00021,129,10,1679.86,1,1,1,3,111
CUST00647,31,17,2797.04,3,2,2,7,322
CUST01155,89,13,2962.53,2,2,2,6,222
CUST00832,20,31,6284.5,3,4,4,11,344
CUST00563,129,7,1327.89,1,1,1,3,111
CUST01171,65,12,2731.38,2,2,2,6,222
CUST00687,95,22,4206.08,2,3,3,8,233
CUST00958,11,25,5666.17,4,4,4,12,444
CUST00190,5,30,9079.79,4,4,4,12,444
CUST00976,4,25,7091.53,4,4,4,12,444
CUST00700,70,12,2294.28,2,2,2,6,222
CUST00511,57,15,3559.98,2,2,2,6,222
CUST01083,64,16,2992.2,2,2,2,6,222
CUST00475,107,19,3077.02,1,3,2,6,132
CUST00857,57,14,3166.5,2,2,2,6,222
CUST00748,2,26,6833.81,4,4,4,12,444
CUST00253,39,14,3382.03,3,2,2,7,322
CUST00022,57,27,5186.0,2,4,4,10,244
CUST00460,37,18,3121.85,3,3,2,8,332
CUST00277,55,28,6169.84,2,4,4,10,244
CUST00956,33,26,6196.09,3,4,4,11,344
CUST00386,11,28,8729.22,4,4,4,12,444
CUST00806,30,20,3797.51,3,3,3,9,333
CUST00344,21,31,7265.78,3,4,4,11,344
CUST00770,11,21,3486.34,4,3,2,9,432
CUST00131,365,10,2292.95,1,1,2,4,112
CUST00872,135,13,2835.04,1,2,2,5,122
CUST01124,20,29,6469.45,3,4,4,11,344
CUST00088,60,11,2412.18,2,1,2,5,212
CUST00331,18,5,1178.75,3,1,1,5,311
CUST00467,5,23,4344.04,4,3,3,10,433
CUST00122,76,16,3169.79,2,2,2,6,222
CUST01045,59,15,3082.11,2,2,2,6,222
CUST01096,20,23,5314.31,3,3,4,10,334
CUST01131,88,9,1982.99,2,1,1,4,211
CUST00861,39,20,4347.06,3,3,3,9,333
CUST01127,125,12,2776.05,1,2,2,5,122
